<?xml version="1.0" encoding="UTF-8"?>
<project-private xmlns="http://www.netbeans.org/ns/project-private/1">
    <editor-bookmarks xmlns="http://www.netbeans.org/ns/editor-bookmarks/2" lastBookmarkId="0"/>
    <open-files xmlns="http://www.netbeans.org/ns/projectui-open-files/2">
        <group>
            <file>file:/C:/CMPE167/src/ToneGeneration.c</file>
            <file>file:/C:/Users/Johnson/Dropbox/cmpe167/labs/lab1/cmpe167_lab1.X/main.c</file>
            <file>file:/C:/CMPE167/include/Oled.h</file>
            <file>file:/C:/CMPE167/include/ToneGeneration.h</file>
            <file>file:/C:/CMPE167/include/AD.h</file>
        </group>
    </open-files>
</project-private>
