<?xml version="1.0" encoding="UTF-8"?>
<project-private xmlns="http://www.netbeans.org/ns/project-private/1">
    <editor-bookmarks xmlns="http://www.netbeans.org/ns/editor-bookmarks/2" lastBookmarkId="0"/>
    <open-files xmlns="http://www.netbeans.org/ns/projectui-open-files/2">
        <group>
            <file>file:/C:/Users/Johnson/Dropbox/cmpe167/labs/lab4/Lab4.X/main.c</file>
            <file>file:/C:/Users/Johnson/Dropbox/cmpe167/labs/lab4/Lab4.X/matrix.h</file>
            <file>file:/C:/Users/Johnson/Dropbox/cmpe167/labs/lab4/Lab4.X/matrix.c</file>
        </group>
    </open-files>
</project-private>
